task_key,task,dataset,model_name,protocol,runs,mean,std,se,ci95,min,max,normality_shapiro_p,source_csv
cifar100_efficientnet_b0,CIFAR-100 + EfficientNet-B0,cifar100,efficientnet_b0,adaptive_sat_aware_ste_lr0p001,5,0.6136199999999999,0.0016724233913695409,0.0007479304780526057,0.001465943736983107,0.6109,0.6152,0.4052531914841104,/home/kylinsu/worksapce/imc_ste_challenge/runs/cifar100_efficientnet_b0_adaptive_sat_aware_ste_lr0p001_twostage_noise_eval_repeats.csv
cifar100_efficientnet_b0,CIFAR-100 + EfficientNet-B0,cifar100,efficientnet_b0,clean120,5,0.27764,0.005720402083769977,0.002558241583588223,0.005014153503832917,0.2711,0.2858,0.7602651197601713,/home/kylinsu/worksapce/imc_ste_challenge/runs/cifar100_efficientnet_b0_clean120_noise_eval_repeats.csv
cifar100_efficientnet_b0,CIFAR-100 + EfficientNet-B0,cifar100,efficientnet_b0,noise_lr0p001,5,0.4892,0.0037702785043017663,0.0016861198059449965,0.003304794819652193,0.4858,0.495,0.44284223852150056,/home/kylinsu/worksapce/imc_ste_challenge/runs/cifar100_efficientnet_b0_noise_lr0p001_twostage_noise_eval_repeats.csv
cifar100_efficientnet_b0,CIFAR-100 + EfficientNet-B0,cifar100,efficientnet_b0,sat_aware_ste_lr0p001,5,0.61486,0.004023431371354556,0.0017993332098307972,0.0035266930912683622,0.6099,0.6199,0.6713924262365876,/home/kylinsu/worksapce/imc_ste_challenge/runs/cifar100_efficientnet_b0_sat_aware_ste_lr0p001_twostage_noise_eval_repeats.csv
cifar100_efficientnet_b0,CIFAR-100 + EfficientNet-B0,cifar100,efficientnet_b0,ste_lr0p001,5,0.61602,0.0036785866851278366,0.0016451139778142915,0.003224423396516011,0.6115,0.6194,0.13682110692324917,/home/kylinsu/worksapce/imc_ste_challenge/runs/cifar100_efficientnet_b0_ste_lr0p001_twostage_noise_eval_repeats.csv
cifar100_resnet18,CIFAR-100 + ResNet18,cifar100,resnet18,adaptive_sat_aware_ste_earlybest,5,0.69276,0.003748066168039167,0.0016761861471805454,0.003285324848473869,0.6882,0.6978,0.9628000244147508,/home/kylinsu/worksapce/imc_ste_challenge/runs/cifar100_resnet18_adaptive_sat_aware_ste_earlybest_noise_eval_repeats.csv
cifar100_resnet18,CIFAR-100 + ResNet18,cifar100,resnet18,adaptive_sat_aware_ste_lr0p001,5,0.6996,0.003715508040631842,0.0016616257099599696,0.0032567863915215407,0.6951,0.7037,0.5925622865140585,/home/kylinsu/worksapce/imc_ste_challenge/runs/cifar100_resnet18_adaptive_sat_aware_ste_lr0p001_twostage_noise_eval_repeats.csv
cifar100_resnet18,CIFAR-100 + ResNet18,cifar100,resnet18,clean120,5,0.62976,0.005977708591090747,0.0026733125518726805,0.005239692601670454,0.624,0.6378,0.4791202604839334,/home/kylinsu/worksapce/imc_ste_challenge/runs/cifar100_resnet18_clean120_noise_eval_repeats.csv
cifar100_resnet18,CIFAR-100 + ResNet18,cifar100,resnet18,noise_lr0p001,5,0.63202,0.00623754759500876,0.0027895160870659826,0.005467451530649326,0.6267,0.6426,0.1565445825961701,/home/kylinsu/worksapce/imc_ste_challenge/runs/cifar100_resnet18_noise_lr0p001_twostage_noise_eval_repeats.csv
cifar100_resnet18,CIFAR-100 + ResNet18,cifar100,resnet18,sat_aware_ste,5,0.69318,0.003238363784382466,0.001448240311550533,0.0028385510106390447,0.6902,0.6977,0.40820278343840405,/home/kylinsu/worksapce/imc_ste_challenge/runs/cifar100_resnet18_sat_aware_ste_twostage_noise_eval_repeats.csv
cifar100_resnet18,CIFAR-100 + ResNet18,cifar100,resnet18,sat_aware_ste_lr0p001,5,0.69878,0.0038629004646767657,0.0017275416058665546,0.003385981547498447,0.6944,0.7026,0.20748469082683707,/home/kylinsu/worksapce/imc_ste_challenge/runs/cifar100_resnet18_sat_aware_ste_lr0p001_twostage_noise_eval_repeats.csv
cifar100_resnet18,CIFAR-100 + ResNet18,cifar100,resnet18,ste_lr0p001,5,0.69908,0.0036458195237833654,0.001630460057775103,0.003195701713239202,0.6935,0.7027,0.6406656959707162,/home/kylinsu/worksapce/imc_ste_challenge/runs/cifar100_resnet18_ste_lr0p001_twostage_noise_eval_repeats.csv
cifar10_efficientnet_b0,CIFAR-10 + EfficientNet-B0,cifar10,efficientnet_b0,adaptive_sat_aware_ste,5,0.8603,0.0014370107863199762,0.0006426507605223783,0.0012595954906238615,0.8586,0.8623,0.9353731626216735,/home/kylinsu/worksapce/imc_ste_challenge/runs/cifar10_efficientnet_b0_adaptive_sat_aware_ste_twostage_noise_eval_repeats.csv
cifar10_efficientnet_b0,CIFAR-10 + EfficientNet-B0,cifar10,efficientnet_b0,clean120,5,0.3893,0.006792275023878229,0.003037597735053145,0.005953691560704164,0.3789,0.3967,0.80072321527567,/home/kylinsu/worksapce/imc_ste_challenge/runs/cifar10_efficientnet_b0_clean120_noise_eval_repeats.csv
cifar10_efficientnet_b0,CIFAR-10 + EfficientNet-B0,cifar10,efficientnet_b0,dw_clean_sat_aware_ste_pw0p25_100b,5,0.90576,0.0008264381404557825,0.00036959437225152973,0.0007244049696129982,0.905,0.907,0.28910511993575283,/home/kylinsu/worksapce/imc_ste_challenge/runs/cifar10_efficientnet_b0_dw_clean_sat_aware_ste_pw0p25_100b_twostage_noise_eval_repeats.csv
cifar10_efficientnet_b0,CIFAR-10 + EfficientNet-B0,cifar10,efficientnet_b0,dwclean_clean120,5,0.82868,0.0028665310045418915,0.0012819516371532856,0.0025126252088204393,0.8262,0.8336,0.0974805215478664,/home/kylinsu/worksapce/imc_ste_challenge/runs/cifar10_efficientnet_b0_dwclean_clean120_noise_eval_repeats.csv
cifar10_efficientnet_b0,CIFAR-10 + EfficientNet-B0,cifar10,efficientnet_b0,dwclean_sat_aware_ste_lr0p001__dw_clean_sat_aware_ste,5,0.8763,0.002905167809266789,0.0012992305415129367,0.002546491861365356,0.873,0.8801,0.6725003564447627,/home/kylinsu/worksapce/imc_ste_challenge/runs/cifar10_efficientnet_b0_dwclean_sat_aware_ste_lr0p001_noise_eval_repeats.csv
cifar10_efficientnet_b0,CIFAR-10 + EfficientNet-B0,cifar10,efficientnet_b0,imagenet_clean40,5,0.1057,0.004442409256248233,0.0019867058161690664,0.00389394339969137,0.1017,0.1118,0.3048106392974803,/home/kylinsu/worksapce/imc_ste_challenge/runs/cifar10_efficientnet_b0_imagenet_clean40_noise_eval_repeats.csv
cifar10_efficientnet_b0,CIFAR-10 + EfficientNet-B0,cifar10,efficientnet_b0,imagenet_dwclean_clean40,5,0.1109,0.001617096162879623,0.0007231873892705817,0.0014174472829703401,0.1093,0.1133,0.4119800673217474,/home/kylinsu/worksapce/imc_ste_challenge/runs/cifar10_efficientnet_b0_imagenet_dwclean_clean40_noise_eval_repeats.csv
cifar10_efficientnet_b0,CIFAR-10 + EfficientNet-B0,cifar10,efficientnet_b0,layerwise_best_eval,5,0.90072,0.0013386560424545385,0.0005986651818838385,0.0011733837564923233,0.8986,0.9022,0.6155814142501742,/home/kylinsu/worksapce/imc_ste_challenge/runs/cifar10_efficientnet_b0_layerwise_best_eval_repeats.csv
cifar10_efficientnet_b0,CIFAR-10 + EfficientNet-B0,cifar10,efficientnet_b0,noise_lr0p001,5,0.68444,0.004386684397127282,0.0019617849015628568,0.0038450984070632,0.6792,0.6889,0.36205690311649924,/home/kylinsu/worksapce/imc_ste_challenge/runs/cifar10_efficientnet_b0_noise_lr0p001_twostage_noise_eval_repeats.csv
cifar10_efficientnet_b0,CIFAR-10 + EfficientNet-B0,cifar10,efficientnet_b0,sat_aware_ste,5,0.86122,0.001899210362229512,0.0008493526947034375,0.0016647312816187375,0.8591,0.8634,0.488524156018208,/home/kylinsu/worksapce/imc_ste_challenge/runs/cifar10_efficientnet_b0_sat_aware_ste_twostage_noise_eval_repeats.csv
cifar10_efficientnet_b0,CIFAR-10 + EfficientNet-B0,cifar10,efficientnet_b0,ste_lr0p001,5,0.844,0.0017219175357722296,0.0007700649323271262,0.0015093272673611673,0.8417,0.8462,0.9085613241474428,/home/kylinsu/worksapce/imc_ste_challenge/runs/cifar10_efficientnet_b0_ste_lr0p001_twostage_noise_eval_repeats.csv
cifar10_resnet18,CIFAR-10 + ResNet18,cifar10,resnet18,adaptive_sat_aware_ste,5,0.90522,0.0036921538429485912,0.0016511813952440264,0.0032363155346782917,0.9019,0.9099,0.13306127076234675,/home/kylinsu/worksapce/imc_ste_challenge/runs/cifar10_resnet18_adaptive_sat_aware_ste_twostage_noise_eval_repeats.csv
cifar10_resnet18,CIFAR-10 + ResNet18,cifar10,resnet18,clean120,5,0.6142,0.014843348678785402,0.006638147331899169,0.013010768770522372,0.5969,0.638,0.27599311390612924,/home/kylinsu/worksapce/imc_ste_challenge/runs/cifar10_resnet18_clean120_noise_eval_repeats.csv
cifar10_resnet18,CIFAR-10 + ResNet18,cifar10,resnet18,noise_lr0p001,5,0.82372,0.002421156748333306,0.0010827742146911246,0.002122237460794604,0.8205,0.8271,0.9838642897281012,/home/kylinsu/worksapce/imc_ste_challenge/runs/cifar10_resnet18_noise_lr0p001_twostage_noise_eval_repeats.csv
cifar10_resnet18,CIFAR-10 + ResNet18,cifar10,resnet18,sat120__sat_aware_ste,5,0.8867,0.005141984052872967,0.002299565176288765,0.00450714774552598,0.8824,0.8954,0.15874160691689942,/home/kylinsu/worksapce/imc_ste_challenge/runs/cifar10_resnet18_sat120_noise_eval_repeats.csv
cifar10_resnet18,CIFAR-10 + ResNet18,cifar10,resnet18,ste_lr0p001,5,0.90626,0.002193855054464595,0.0009811218069128674,0.0019229987415492204,0.9039,0.9087,0.1813107418219958,/home/kylinsu/worksapce/imc_ste_challenge/runs/cifar10_resnet18_ste_lr0p001_twostage_noise_eval_repeats.csv
cifar10_resnet18,CIFAR-10 + ResNet18,cifar10,resnet18,twostage_sat__sat_aware_ste,5,0.90512,0.003771206703430613,0.001686534909214748,0.0033056084220609056,0.902,0.9099,0.08137496504518826,/home/kylinsu/worksapce/imc_ste_challenge/runs/cifar10_resnet18_twostage_sat_noise_eval_repeats.csv
tinyimagenet_efficientnet_b0_imagenet224,TinyImageNet + EfficientNet-B0 ImageNet-224,tinyimagenet,efficientnet_b0,clean10,3,0.005,0.0005291502622129181,0.0003055050463303893,0.0005987898908075631,0.0044,0.0054,0.3631131549710308,/home/kylinsu/worksapce/imc_ste_challenge/runs/tinyimagenet_efficientnet_b0_imagenet224_clean10_noise_eval_repeats.csv
tinyimagenet_efficientnet_b0_imagenet224,TinyImageNet + EfficientNet-B0 ImageNet-224,tinyimagenet,efficientnet_b0,clean10_dwclean,3,0.0047666666666666664,0.00037859388972001824,0.00021858128414340003,0.0004284193169210641,0.0045,0.0052,0.2529696489658324,/home/kylinsu/worksapce/imc_ste_challenge/runs/tinyimagenet_efficientnet_b0_imagenet224_clean10_dwclean_noise_eval_repeats.csv
tinyimagenet_efficientnet_b0_imagenet224,TinyImageNet + EfficientNet-B0 ImageNet-224,tinyimagenet,efficientnet_b0,dwclean_pw0p05_lin0p1,3,0.8009333333333333,0.001078579312490904,0.0006227180564089849,0.0012205273905616103,0.7997,0.8017,0.2664713561668459,/home/kylinsu/worksapce/imc_ste_challenge/runs/tinyimagenet_efficientnet_b0_imagenet224_dwclean_pw0p05_lin0p1_noise_eval_repeats.csv
tinyimagenet_efficientnet_b0_imagenet224,TinyImageNet + EfficientNet-B0 ImageNet-224,tinyimagenet,efficientnet_b0,ste_uniform_lr0p0005_10ep300b,5,0.25236000000000003,0.0037004053831978957,0.0016548715962273306,0.003243548328605568,0.2482,0.2566,0.4604108739429019,/home/kylinsu/worksapce/imc_ste_challenge/runs/tinyimagenet_efficientnet_b0_imagenet224_ste_uniform_lr0p0005_10ep300b_twostage_noise_eval_repeats.csv
tinyimagenet_resnet18,TinyImageNet + ResNet18,tinyimagenet,resnet18,clean20_300b,3,0.30246666666666666,0.009760293711427614,0.005635108201662545,0.011044812075258589,0.2915,0.3102,0.44426775591551193,/home/kylinsu/worksapce/imc_ste_challenge/runs/tinyimagenet_resnet18_clean20_300b_noise_eval_repeats.csv
tinyimagenet_resnet18,TinyImageNet + ResNet18,tinyimagenet,resnet18,sat_aware_ste_tiny_pilot_100b,3,0.3272,0.007522632517942128,0.00434319390924852,0.008512660062127099,0.3187,0.333,0.39635576103113,/home/kylinsu/worksapce/imc_ste_challenge/runs/tinyimagenet_resnet18_sat_aware_ste_tiny_pilot_100b_twostage_noise_eval_repeats.csv
tinyimagenet_resnet18,TinyImageNet + ResNet18,tinyimagenet,resnet18,ste_tiny_pilot_100b,3,0.3273333333333333,0.0074473709007497,0.004299741594302825,0.008427493524833537,0.3191,0.3336,0.5593231031911405,/home/kylinsu/worksapce/imc_ste_challenge/runs/tinyimagenet_resnet18_ste_tiny_pilot_100b_twostage_noise_eval_repeats.csv
tinyimagenet_resnet18_imagenet224,TinyImageNet + ResNet18 ImageNet-224,tinyimagenet,resnet18,clean15,3,0.5383333333333333,0.002307234997423001,0.0013320827468458953,0.0026108821838179545,0.5357,0.54,0.29084224166468264,/home/kylinsu/worksapce/imc_ste_challenge/runs/tinyimagenet_resnet18_imagenet224_clean15_noise_eval_repeats.csv
tinyimagenet_resnet18_imagenet224,TinyImageNet + ResNet18 ImageNet-224,tinyimagenet,resnet18,sat_aware_ste_5ep300b,3,0.5797333333333333,0.004834597535817598,0.002791256188727792,0.005470862129906472,0.5746,0.5842,0.7713779421587663,/home/kylinsu/worksapce/imc_ste_challenge/runs/tinyimagenet_resnet18_imagenet224_sat_aware_ste_5ep300b_noise_eval_repeats.csv
tinyimagenet_resnet18_imagenet224,TinyImageNet + ResNet18 ImageNet-224,tinyimagenet,resnet18,sat_aware_ste_lr0p0005_10ep300b,3,0.5807,0.004650806381693366,0.0026851443164194943,0.005262882860182208,0.5754,0.5841,0.30933918450121745,/home/kylinsu/worksapce/imc_ste_challenge/runs/tinyimagenet_resnet18_imagenet224_sat_aware_ste_lr0p0005_10ep300b_noise_eval_repeats.csv
