name,kind,module_type,output_shape,clean_rms,noisy_rms,residual_rms,residual_to_signal,stochastic_rms,stochastic_to_signal,bias_rms,bias_to_signal,stochastic_fraction_of_mse,clean_abs_mean,clean_abs_p95_mean,clean_abs_p99_mean,residual_abs_p95_mean,clean_abs_gt_5_frac,clean_abs_gt_8_frac,clean_abs_gt_10_frac,clean_numel,noisy_numel,nonfinite_outputs
classifier.1,linear,NoisyLinear,4x200,1.1098910912362157,0.7621908686877416,1.3184030736392034,1.1878670655611296,0.30209640058119724,0.27218562520825096,1.283325535215903,1.1562625786882506,0.05250427764966129,0.7303610038757324,1.977484405040741,3.930938243865967,2.4590872526168823,0.0075,0.001875,0.0,3200,12800,0
features.0.0,conv,NoisyConv2d,4x32x112x112,2.5935188154785442,2.2138981062394034,0.5215952923730265,0.2011149058414616,0.07691156344554587,0.029655294184304768,0.5158936522521524,0.19891648719616561,0.021742824146005868,1.6621057160046635,5.78605842590332,8.7197767496109,0.8637655563652515,0.07967158726283483,0.014084173708545918,0.005431506098533163,6422528,25690112,0
features.1.0.block.0.0,depthwise,NoisyConv2d,4x32x112x112,3.4524181846277187,1.7030949278352987,2.4176940872647488,0.700290045403481,0.20331914587389838,0.05889180713367801,2.40912972347195,0.6978093598854483,0.007072188967855586,1.251354762486049,4.118606507778168,11.805039644241333,0.79386305809021,0.03335960543885523,0.01830665432676977,0.01312847526705995,6422528,25690112,0
features.1.0.block.1.fc1,pointwise,NoisyConv2d,4x8x1x1,3.046316398864331,2.8260714045805564,2.6871449213772562,0.8820964632495252,1.9021987650908345,0.6244258691579035,1.8979957024636505,0.6230461494975456,0.5011060111585398,2.8823529481887817,4.500466227531433,6.038850545883179,4.0514745861291885,0.0390625,0.0,0.0,128,512,0
features.1.0.block.1.fc2,pointwise,NoisyConv2d,4x32x1x1,1.7960166871478702,1.793866877951532,0.024375262050197213,0.013571846088415737,0.018290624244134402,0.010183994600395655,0.016112307866214176,0.008971134834944668,0.5630649176310858,1.3886121809482574,3.910495340824127,4.077276706695557,0.04795318387914449,0.0,0.0,0.0,512,2048,0
features.1.0.block.2.0,pointwise,NoisyConv2d,4x16x112x112,6.321703691630288,4.63046548529691,1.9402780813401697,0.30692328776956584,0.30473625675308347,0.048204767514893734,1.9161980186685321,0.30311417809814634,0.024667225377678126,4.8440720694405695,12.24053692817688,13.811367988586426,4.296771347522736,0.36294462242904973,0.25054153130978957,0.1956703030333227,3211264,12845056,0
features.2.0.block.0.0,pointwise,NoisyConv2d,4x96x112x112,5.863784409467333,4.6731855646629334,5.676557688235484,0.9680706676511566,0.8436929868192358,0.14388199290837791,5.613509537878904,0.9573185413869668,0.022090155174265252,3.6897225931388182,12.264843225479126,21.35125160217285,10.867757678031921,0.2334015515385842,0.11998468515824298,0.07924314745429421,19267584,77070336,0
features.2.0.block.1.0,depthwise,NoisyConv2d,4x96x56x56,3.657610115219484,2.463141892623959,2.648735593169187,0.7241711143972607,0.3801965339300721,0.10394670890373384,2.621307085808316,0.7166720900352217,0.02060340936396053,1.717535602803133,7.585762619972229,15.52364206314087,5.352975398302078,0.10488621718218537,0.04330568897480867,0.02975443106930272,4816896,19267584,0
features.2.0.block.2.fc1,pointwise,NoisyConv2d,4x4x1x1,2.820119159020668,3.7754584956099926,4.537768680194644,1.609069838655491,2.6028083437705027,0.9229426832710041,3.7170866711114092,1.3180601462252495,0.3290028605543817,2.648836135864258,3.9436978101730347,4.147612631320953,6.864747583866119,0.0,0.0,0.0,64,256,0
features.2.0.block.2.fc2,pointwise,NoisyConv2d,4x96x1x1,1.8009196770919278,1.3133621563064237,0.6744681529885083,0.37451317877631257,0.08269885197425562,0.0459203444918739,0.6693789578989393,0.37168729200617806,0.015034052602112566,1.6858762900034587,2.9143999814987183,3.4423128366470337,1.1170170567929745,0.0,0.0,0.0,1536,6144,0
features.2.0.block.3.0,pointwise,NoisyConv2d,4x24x56x56,12.98544830540669,5.884892141456938,9.59592896554512,0.7389755624801732,0.7967384509384302,0.06135625295329203,9.562795645238063,0.7364239894017711,0.006893781353320952,10.244108861806442,25.184368133544922,35.72627258300781,19.31889033317566,0.7045026506696429,0.5259901812287415,0.42678106398809523,1204224,4816896,0
features.2.1.block.0.0,pointwise,NoisyConv2d,4x144x56x56,6.838476053187363,4.4542751105604586,7.156519458835145,1.0465079358579525,0.4608895135494241,0.0673965237232361,7.141663085093433,1.044335467368458,0.004147533865609427,5.123311222275368,13.944889068603516,20.52934455871582,14.104350209236145,0.4013000626682965,0.19543097186791383,0.11754637564661281,7225344,28901376,0
features.2.1.block.1.0,depthwise,NoisyConv2d,4x144x56x56,1.1067206402434009,0.9151216342300134,0.7412519120277273,0.6697732788869862,0.07363261949604709,0.06653225467978358,0.7375856793830206,0.6664605796281196,0.009867538930648078,0.5739315664416809,2.4923882484436035,4.450363516807556,1.6492022797465324,0.006177145337301587,0.0005648173983134921,0.00010490849985827664,7225344,28901376,0
features.2.1.block.2.fc1,pointwise,NoisyConv2d,4x6x1x1,2.7463100125714406,3.5690660589483354,2.8143732120023386,1.0247835091884505,1.1910877656759207,0.43370477485193837,2.5499032355941478,0.9284833918682792,0.1791117803658055,2.3875019550323486,4.382067084312439,4.683616876602173,5.212110996246338,0.010416666666666666,0.0,0.0,96,384,0
features.2.1.block.2.fc2,pointwise,NoisyConv2d,4x144x1x1,1.2812232244738326,1.4320784670203524,1.1929221121312534,0.9310806183841678,0.13103169576806947,0.10227077785128429,1.1857039513790257,0.9254468142083248,0.012065033872530767,0.9988380803002251,2.503994643688202,3.8567299246788025,2.4129868298768997,0.0,0.0,0.0,2304,9216,0
features.2.1.block.3.0,pointwise,NoisyConv2d,4x24x56x56,2.2487019249434477,1.4962566186328627,1.5039151666388528,0.6687925820478294,0.3079347605196089,0.1369388966602824,1.4720519731687804,0.65462298797374,0.04192477628211668,1.7323237049336335,4.643770813941956,6.085906028747559,2.9773330092430115,0.03542198129251701,0.000406070631377551,1.328656462585034e-05,1204224,4816896,0
features.3.0.block.0.0,pointwise,NoisyConv2d,4x144x56x56,10.295048751961891,5.233238842367862,10.082535421596214,0.979357715005946,0.78082336448516,0.07584455239576804,10.05225523955776,0.9764164776434047,0.005997442425910259,7.526637070843963,20.989924907684326,32.78814506530762,20.438013553619385,0.5462610499929138,0.3521734051693594,0.2611522717811083,7225344,28901376,0
features.3.0.block.1.0,depthwise,NoisyConv2d,4x144x28x28,1.8278574132310115,1.0970089478837985,1.3501678495726381,0.7386614731539778,0.10660034601755113,0.058319836791382466,1.3459530408779277,0.7363555992580155,0.006233639806989757,0.8895867103351758,3.801985204219818,7.995175004005432,2.7737110257148743,0.02970488325538549,0.00998429970946712,0.005174009708049886,1806336,7225344,0
features.3.0.block.2.fc1,pointwise,NoisyConv2d,4x6x1x1,4.591754055864705,3.38291533962098,2.0816070907085944,0.4533359290116841,0.33711160897499104,0.07341673897895806,2.054128487505733,0.44735159211808134,0.02622707750343987,3.977226893107096,8.905134677886963,10.87813401222229,4.3157076090574265,0.15625,0.09375,0.041666666666666664,96,384,0
features.3.0.block.2.fc2,pointwise,NoisyConv2d,4x144x1x1,2.35343005603867,2.61894293220824,1.0030230518215772,0.42619624460387884,0.14483748508804328,0.06154314410849158,0.9925106273480607,0.42172939229758544,0.020851635378195576,2.1219458050198026,4.183431804180145,4.647393465042114,1.9428191110491753,0.002170138888888889,0.0,0.0,2304,9216,0
features.3.0.block.3.0,pointwise,NoisyConv2d,4x40x28x28,4.6633229605891175,3.5844437964068856,2.988808060139752,0.6409180932564396,0.30607706409303886,0.06563497031618247,2.973094423524509,0.6375484710475463,0.01048734420868883,3.61040780203683,9.483009815216064,12.450266122817993,6.13838517665863,0.26481385522959183,0.09575693558673469,0.038311144770408166,501760,2007040,0
features.3.1.block.0.0,pointwise,NoisyConv2d,4x240x28x28,5.405607229985587,3.106462636569823,5.893118117417411,1.0901861468453609,0.5637333495552252,0.10428677585528691,5.866092895312226,1.0851866674242012,0.009150759971122214,4.148025201291454,10.747682571411133,15.722657680511475,11.733804404735565,0.3186772560586735,0.12555238892431972,0.0643455038265306,3010560,12042240,0
features.3.1.block.1.0,depthwise,NoisyConv2d,4x240x28x28,0.8934846543953848,0.5474042443531014,0.7300097468188222,0.8170366924911711,0.08249238465248947,0.09232658249548956,0.7253338796201557,0.81180339925478,0.012769397281626182,0.4562589580509938,1.9998292028903961,3.713995635509491,1.4854828119277954,0.0028300382653061226,0.0003384752338435374,5.447491496598639e-05,3010560,12042240,0
features.3.1.block.2.fc1,pointwise,NoisyConv2d,4x10x1x1,1.880855128520161,2.4855997869197433,1.6225428417174748,0.8626623162593475,0.21164445705565887,0.11252565593511646,1.608680172379281,0.8552919084443125,0.0170145885806299,1.7178926467895508,2.7828980684280396,3.4162734746932983,3.021729588508606,0.00625,0.0,0.0,160,640,0
features.3.1.block.2.fc2,pointwise,NoisyConv2d,4x240x1x1,1.218865661349549,1.269396132883813,0.7398635243959165,0.6070099009736044,0.11069835458433573,0.09082080010504899,0.7315353094853779,0.6001771423073888,0.022386133910197448,0.9534193356831868,2.4536280035972595,3.208858013153076,1.3687118962407112,0.00026041666666666666,0.0,0.0,3840,15360,0
features.3.1.block.3.0,pointwise,NoisyConv2d,4x40x28x28,0.6088258577551131,0.5500782955118297,0.6220694317690919,1.0217526470751603,0.1505653911445955,0.24730452760296054,0.6035730618003058,0.9913722522000369,0.058583132722244,0.4775859209955955,1.2018724977970123,1.643183708190918,1.2370277643203735,0.0,0.0,0.0,501760,2007040,0
features.4.0.block.0.0,pointwise,NoisyConv2d,4x240x28x28,9.165233514088559,4.13945059193831,9.619423687250185,1.0495557666330548,0.9646708764864296,0.10525327859934638,9.570931102817992,1.0442648393088736,0.010056809586460557,6.954675209927721,18.493048667907715,27.30039119720459,19.47724425792694,0.5366649394132653,0.3341491284013605,0.2369585724914966,3010560,12042240,0
features.4.0.block.1.0,depthwise,NoisyConv2d,4x240x14x14,1.0009808459496452,0.7069834277610098,0.7414861922375168,0.7407596211634379,0.06892812388334657,0.06886058226014649,0.7382754817930863,0.737552056845477,0.008641453143636811,0.527333048087399,2.237351894378662,4.478922009468079,1.5907797738909721,0.006502444727891157,0.0005633503401360544,9.034863945578231e-05,752640,3010560,0
features.4.0.block.2.fc1,pointwise,NoisyConv2d,4x10x1x1,3.3480520933558093,1.9166010997448615,1.7964416379380255,0.536563227765498,1.2083637935263079,0.3609154696022499,1.3293079030127544,0.3970391935211398,0.45244853120594464,3.2712376594543455,4.427321672439575,4.844487309455872,2.613083451986313,0.0125,0.0,0.0,160,640,0
features.4.0.block.2.fc2,pointwise,NoisyConv2d,4x240x1x1,1.6730266466802362,1.6696718572357054,0.05837962949161653,0.03489462024257559,0.01494389557757615,0.008932251980103913,0.056434573840376624,0.03373202330779308,0.06552469070382914,1.4583006858825684,2.821121573448181,3.1799543499946594,0.1225293418392539,0.0,0.0,0.0,3840,15360,0
features.4.0.block.3.0,pointwise,NoisyConv2d,4x80x14x14,2.5655415311809486,2.258544172324341,1.4821503341932676,0.577714418644011,0.2435349037529284,0.09492534063201326,1.462005596365235,0.5698623774343099,0.026998392999857807,1.9636820579061702,5.343005537986755,7.959688186645508,2.959020957350731,0.05955436862244898,0.009761639030612244,0.0007095025510204082,250880,1003520,0
features.4.1.block.0.0,pointwise,NoisyConv2d,4x480x14x14,4.712848447539666,3.022525924844718,5.4079529157822375,1.147491368750771,0.8955754209816271,0.19002847873225387,5.333282235607936,1.1316473031065037,0.027424487995536474,3.689176266209609,9.30647349357605,12.964137077331543,10.748484671115875,0.2718384619472789,0.08697119472789115,0.03701703337585034,1505280,6021120,0
features.4.1.block.1.0,depthwise,NoisyConv2d,4x480x14x14,0.4241794182325531,0.32833369482506514,0.3455444004398222,0.8146184977093351,0.06108187076391534,0.14400008142410076,0.34010283406536995,0.8017900431909009,0.031247619699632082,0.22960180684822756,0.934111014008522,1.729773759841919,0.7448812797665596,3.188775510204082e-05,0.0,0.0,1505280,6021120,0
features.4.1.block.2.fc1,pointwise,NoisyConv2d,4x20x1x1,2.5576943344011105,2.292932710900503,1.7710093541644103,0.6924241612237437,0.32389940981183524,0.12663726288766128,1.7411385082357425,0.6807453434983792,0.03344865069605015,2.257421541213989,4.113029420375824,4.976021766662598,3.4785228818655014,0.0125,0.0,0.0,320,1280,0
features.4.1.block.2.fc2,pointwise,NoisyConv2d,4x480x1x1,1.8886016359256896,1.636489568064605,0.9329356769830095,0.493982245507129,0.17481277892259786,0.09256201816054986,0.9164111903032968,0.48523265725867165,0.035110979904591576,1.4414377848307292,3.910264790058136,5.065977931022644,1.8852930292487144,0.011458333333333333,0.0,0.0,7680,30720,0
features.4.1.block.3.0,pointwise,NoisyConv2d,4x80x14x14,0.3185528619159016,0.3067263351648356,0.34229515301190605,1.0745317149348745,0.1339043286498449,0.42035198756178754,0.31501682898581546,0.988899698126022,0.153033930922626,0.2501337674199318,0.627146303653717,0.8743879050016403,0.6726170480251312,0.0,0.0,0.0,250880,1003520,0
features.4.2.block.0.0,pointwise,NoisyConv2d,4x480x14x14,5.013371324106748,3.2971398013035365,5.833474672197456,1.1635832048081596,0.9714827813588747,0.19377834166950872,5.75201251360708,1.1473342271593934,0.027734196093807183,3.87253110716943,9.9508216381073,14.241952896118164,11.604928255081177,0.29050143494897956,0.1036850286989796,0.049170254039115645,1505280,6021120,0
features.4.2.block.1.0,depthwise,NoisyConv2d,4x480x14x14,0.4188972318887868,0.3533430107538424,0.35343679788777027,0.8437315192896867,0.0651810440503559,0.1556015153321921,0.34737444004656726,0.8292593352318733,0.034010976198575314,0.22491948134234163,0.9203923642635345,1.7656793892383575,0.7403521314263344,2.0594175170068026e-05,0.0,0.0,1505280,6021120,0
features.4.2.block.2.fc1,pointwise,NoisyConv2d,4x20x1x1,2.133658708654191,2.407520647326829,1.8424312854101588,0.8635079630763796,0.42231489723921134,0.19792991987251196,1.7933775868533555,0.8405175483686103,0.05254001638859514,1.868740701675415,3.701948821544647,4.100162088871002,3.130829483270645,0.0,0.0,0.0,320,1280,0
features.4.2.block.2.fc2,pointwise,NoisyConv2d,4x480x1x1,1.651071612771437,1.5004067213934225,0.9008852865239569,0.5456367122754652,0.22953723113713465,0.1390231831021797,0.8711526611319337,0.5276286348777108,0.06491832250689986,1.2573135693868,3.478347897529602,4.210335373878479,1.8496729508042336,0.00013020833333333333,0.0,0.0,7680,30720,0
features.4.2.block.3.0,pointwise,NoisyConv2d,4x80x14x14,0.23723791927096236,0.24442548402698194,0.25032445862941405,1.0551620895962455,0.10644072647943391,0.44866658250303637,0.22656722255136458,0.955021116555106,0.18080443902930432,0.1902322885941486,0.46038541942834854,0.6059890538454056,0.49372116290032864,0.0,0.0,0.0,250880,1003520,0
features.5.0.block.0.0,pointwise,NoisyConv2d,4x480x14x14,7.396586863979531,4.300581261434077,8.235636738712317,1.113437439478857,1.3063571177406028,0.17661620714581228,8.131367878343504,1.0993405509698353,0.025161090925098908,5.7348931760204085,14.829297065734863,20.83288288116455,16.596463918685913,0.4685686383928571,0.25527941645408164,0.16292051977040817,1505280,6021120,0
features.5.0.block.1.0,depthwise,NoisyConv2d,4x480x14x14,1.29289783553244,0.6593976583983605,0.9879547062976611,0.7641398099261281,0.1253235429314006,0.09693228613055105,0.9799737298942351,0.7579668732995157,0.016091304722833225,0.4721394545366975,1.9993755221366882,3.872759461402893,1.6172006130218506,0.004976482780612245,0.00223812181122449,0.002087983630952381,1505280,6021120,0
features.5.0.block.2.fc1,pointwise,NoisyConv2d,4x20x1x1,2.131067947263933,2.5853554061857618,1.5954568735939079,0.7486654170939536,0.38805428260494923,0.18209381033728658,1.5475453173493838,0.7261830010330123,0.059158182479048124,1.8276667594909668,3.6481401324272156,4.551615238189697,3.2098393738269806,0.003125,0.0,0.0,320,1280,0
features.5.0.block.2.fc2,pointwise,NoisyConv2d,4x480x1x1,1.5603048341383114,1.6222207143782368,0.7260563417006987,0.46532980339169944,0.16210138436556562,0.1038908428782041,0.7077294345373583,0.4535840811697584,0.04984628558807893,1.2744787534077961,2.912658929824829,3.859308183193207,1.4562011137604713,0.00078125,0.0,0.0,7680,30720,0
features.5.0.block.3.0,pointwise,NoisyConv2d,4x112x14x14,1.5604716044279012,1.2686495934623305,1.5217409633921573,0.9751801692989195,0.28755745981055314,0.18427599643248696,1.4943246859277246,0.957610943824622,0.0357081881284237,1.2126424361248405,3.0549779534339905,4.484691381454468,3.0416155606508255,0.00576542000728863,0.00018790998542274052,2.2776967930029154e-05,351232,1404928,0
features.5.1.block.0.0,pointwise,NoisyConv2d,4x672x14x14,4.49046152591729,3.5963022515180816,5.647097968290734,1.2575762949304352,0.9281002800993317,0.20668260372406683,5.5703092673165715,1.2404758921030272,0.0270109067265613,3.5008388923370686,8.918867588043213,12.417097330093384,11.184346377849579,0.24683922117954324,0.07476729531098153,0.03081866116982507,2107392,8429568,0
features.5.1.block.1.0,depthwise,NoisyConv2d,4x672x14x14,0.38985665102937467,0.41062329493608507,0.3862887454480387,0.9908481602868252,0.07832778794614058,0.20091433027838426,0.37826413059565145,0.9702646590660582,0.04111569288011341,0.20882625969088808,0.795189306139946,1.6118090748786926,0.8650471083819866,2.087888726919339e-05,0.0,0.0,2107392,8429568,0
features.5.1.block.2.fc1,pointwise,NoisyConv2d,4x28x1x1,1.9250205744845224,2.5792088001659064,2.083264916068584,1.0822039741712557,0.4041321785153999,0.20993655022290736,2.0436902634231635,1.0616459327820007,0.03763204885474335,1.6102972371237618,3.5196494460105896,4.420243978500366,4.326136514544487,0.004464285714285714,0.0,0.0,448,1792,0
features.5.1.block.2.fc2,pointwise,NoisyConv2d,4x672x1x1,1.45668591200939,1.5151170264174803,0.9137460737707512,0.6272773466383748,0.20447359952960986,0.14036903758309416,0.8905742161251177,0.6113701030420735,0.05007528582747393,1.1173129081726074,3.009176552295685,3.739279329776764,1.8665586411952972,0.00018601190476190475,0.0,0.0,10752,43008,0
features.5.1.block.3.0,pointwise,NoisyConv2d,4x112x14x14,0.3789846551223262,0.4203015341413475,0.5133943451095722,1.354657340793553,0.17170350279264193,0.45306188646930995,0.4838301982299407,1.2766485177975693,0.11185519221716214,0.29136820089712784,0.7540089786052704,1.0865638256072998,1.0227686539292336,0.0,0.0,0.0,351232,1404928,0
features.5.2.block.0.0,pointwise,NoisyConv2d,4x672x14x14,4.742814125408095,4.058896172949613,5.969757209530926,1.258695165292243,1.0159159146331604,0.21420108141930316,5.8826793211207375,1.2403352030192756,0.02896024222932366,3.707202789039723,9.406428098678589,13.058488607406616,11.813359439373016,0.27391249468537415,0.08942190157312925,0.03888977465986394,2107392,8429568,0
features.5.2.block.1.0,depthwise,NoisyConv2d,4x672x14x14,0.365678311901217,0.3857707261292778,0.39581474310104153,1.08241241063256,0.07613605627533625,0.2082050091499639,0.3884232379647005,1.0621992754922467,0.036999582327159136,0.2008433921228229,0.7960071712732315,1.5478415191173553,0.8567780889570713,1.28120444606414e-05,0.0,0.0,2107392,8429568,0
features.5.2.block.2.fc1,pointwise,NoisyConv2d,4x28x1x1,1.7096470733611535,2.3841556953178626,1.7453432112871545,1.0208792437235732,0.35071272909532825,0.2051375015112503,1.709743696241242,1.0000565162726238,0.0403776812696584,1.485353878566197,3.0961021184921265,3.6098649501800537,3.3602691888809204,0.0,0.0,0.0,448,1792,0
features.5.2.block.2.fc2,pointwise,NoisyConv2d,4x672x1x1,1.4321973312159566,1.644023532545641,0.738665061212821,0.5157564848872351,0.19349640600312784,0.13510457098732795,0.7128711058251789,0.49774642801487473,0.06861999639026684,1.1668109212602888,2.777319550514221,3.5198699831962585,1.4380275830626488,0.00018601190476190475,0.0,0.0,10752,43008,0
features.5.2.block.3.0,pointwise,NoisyConv2d,4x112x14x14,0.28852649662266044,0.2926870960335001,0.35591246750196176,1.2335521058484613,0.1153507169712245,0.39979245691976084,0.33670149482525236,1.1669690609580163,0.10503987434994388,0.22003477446886957,0.5687820315361023,0.8330594152212143,0.7023520842194557,0.0,0.0,0.0,351232,1404928,0
features.6.0.block.0.0,pointwise,NoisyConv2d,4x672x14x14,7.417772333533045,4.779110359532214,8.55334691319464,1.153088357070232,1.3457598187496609,0.18142371567080473,8.446814424840595,1.1387265670928757,0.024755000566732306,5.780046023710824,14.739609241485596,20.568044662475586,17.006744384765625,0.47574585079567544,0.26172586780247814,0.16642608494290573,2107392,8429568,0
features.6.0.block.1.0,depthwise,NoisyConv2d,4x672x7x7,0.7496451529171841,0.6125225412904065,0.5531737954773918,0.7379141895665705,0.07832056621798744,0.10447685269918604,0.5476012572211254,0.7304806215182996,0.020046032925489107,0.38751417925568665,0.9627537131309509,2.4064722061157227,1.0188229717314243,0.0017139668367346938,0.0014918913994169097,0.0013704142371234209,526848,2107392,0
features.6.0.block.2.fc1,pointwise,NoisyConv2d,4x28x1x1,2.7174264476707144,2.657024264289395,2.5343634683932272,0.9326336948569841,1.7755539726184184,0.6533954117287564,1.8084264652578772,0.665492332573711,0.49082870903273546,2.57279634475708,3.975750684738159,5.58468222618103,3.512704238295555,0.013392857142857142,0.0,0.0,448,1792,0
features.6.0.block.2.fc2,pointwise,NoisyConv2d,4x672x1x1,1.7557831788150964,1.7320275280011963,0.19980100979159515,0.11379594713194165,0.019790713606157,0.011271729815473523,0.19881843769806706,0.1132363267269944,0.009811322484583856,1.6426496051606678,2.6838290095329285,2.959435284137726,0.28081494150683284,0.0,0.0,0.0,10752,43008,0
features.6.0.block.3.0,pointwise,NoisyConv2d,4x192x7x7,3.2401816647912316,2.8746467470341655,2.062052221845112,0.6364001883758491,0.5957624305860334,0.18386698408294924,1.974114103064609,0.6092603154063596,0.08347316986396977,2.5901950135522958,6.336899638175964,8.100461959838867,4.034782141447067,0.1266608205782313,0.011107568027210885,0.0015080250850340135,150528,602112,0
features.6.1.block.0.0,pointwise,NoisyConv2d,4x1152x7x7,3.918617680252397,3.095811286364594,4.971852530539558,1.268777139345557,1.2532155493235404,0.3198106198619563,4.811316698406612,1.2278096744811087,0.06353529815854814,3.0178580424682893,7.83033549785614,11.23516035079956,9.86795461177826,0.1819583953373016,0.04618299142573696,0.018011045564058956,903168,3612672,0
features.6.1.block.1.0,depthwise,NoisyConv2d,4x1152x7x7,0.22618033211890085,0.21996668314056722,0.2565209952222503,1.1341436844623594,0.0658653544170651,0.2912072583854918,0.24792090689840615,1.0961205361042468,0.0659277468910911,0.1294377579980967,0.44926343858242035,0.9650898277759552,0.5394029654562473,0.0,0.0,0.0,903168,3612672,0
features.6.1.block.2.fc1,pointwise,NoisyConv2d,4x48x1x1,2.186486218186648,2.928026343834252,2.982452012704841,1.3640387887641587,0.888578469161603,0.40639564145002544,2.847006904141537,1.3020923161833093,0.08876558963776546,1.7069995800654094,4.175401985645294,5.611916899681091,5.746442556381226,0.024739583333333332,0.00390625,0.0013020833333333333,768,3072,0
features.6.1.block.2.fc2,pointwise,NoisyConv2d,4x1152x1x1,1.849197128707421,2.18761881551044,1.4686383910644099,0.7942032616560357,0.32602765618915047,0.17630768030504249,1.4319932580525885,0.7743864814745545,0.04928095669575268,1.4863332907358806,3.5502548813819885,4.56159782409668,2.9121061265468597,0.004557291666666667,0.0,0.0,18432,73728,0
features.6.1.block.3.0,pointwise,NoisyConv2d,4x192x7x7,0.42576622997466107,0.533116026706089,0.6365270683114839,1.4950153945966216,0.2713577367698735,0.6373397363760461,0.5757878840235737,1.3523568650755626,0.18174005841290275,0.32554631654908056,0.8500437289476395,1.2372449040412903,1.2647361308336258,0.0,0.0,0.0,150528,602112,0
features.6.2.block.0.0,pointwise,NoisyConv2d,4x1152x7x7,4.3394133563800725,3.4491197438606265,5.304303278032885,1.2223549227533652,1.39707748538345,0.3219507732143979,5.117011604949227,1.1791943252941972,0.06937201241420272,3.340308156954188,8.685333251953125,12.471772193908691,10.481978476047516,0.22293526785714285,0.06675280789399093,0.028824094742063492,903168,3612672,0
features.6.2.block.1.0,depthwise,NoisyConv2d,4x1152x7x7,0.22043043498866205,0.18088338212849703,0.2294938559707782,1.0411169219104537,0.05439065887900105,0.246747500551812,0.22295534565254188,1.011454455751583,0.05617027026603018,0.12486315746696627,0.3870697021484375,0.9299430847167969,0.44924261048436165,8.857709750566894e-06,0.0,0.0,903168,3612672,0
features.6.2.block.2.fc1,pointwise,NoisyConv2d,4x48x1x1,2.0604147725599615,2.076439903281846,1.9606203225456675,0.9515658442448923,0.4918877640939179,0.23873240021608472,1.8979142437722951,0.9211321278842475,0.06294265223854854,1.66753355662028,3.9195224046707153,5.175213694572449,3.9131172746419907,0.016927083333333332,0.0013020833333333333,0.0,768,3072,0
features.6.2.block.2.fc2,pointwise,NoisyConv2d,4x1152x1x1,1.873417334703903,1.823687889808386,1.0455758667583976,0.5581115576277363,0.24832819318536514,0.13255358994775923,1.0156584079388435,0.5421420999605356,0.05640803304526607,1.599124140209622,3.3727471828460693,4.250056505203247,2.0975037217140198,0.0018988715277777778,0.0,0.0,18432,73728,0
features.6.2.block.3.0,pointwise,NoisyConv2d,4x192x7x7,0.3697303647330756,0.2867339903389984,0.43735682718523056,1.1829075155917406,0.1751065570216893,0.4736061025123169,0.4007726138018184,1.0839591551836798,0.16029980619098763,0.2722408917485451,0.7324169874191284,1.127693846821785,0.861655417829752,6.64328231292517e-06,0.0,0.0,150528,602112,0
features.6.3.block.0.0,pointwise,NoisyConv2d,4x1152x7x7,5.036481746211822,3.8709558363096064,5.716937488278164,1.1351053724314886,1.4208801022776378,0.28211759197704817,5.537551262050016,1.0994880039454271,0.06177147591683456,3.8406277265137825,10.09007477760315,14.762187242507935,11.275550484657288,0.28106730973639454,0.10377249858276644,0.051773313492063495,903168,3612672,0
features.6.3.block.1.0,depthwise,NoisyConv2d,4x1152x7x7,0.21264728999539623,0.18695484036600307,0.2172320227779786,1.0215602690383763,0.05599012687929022,0.26330044874074054,0.20989249012828734,0.9870452152615322,0.06643167623652246,0.12312512603206159,0.3363778218626976,0.8615394979715347,0.41589312069118023,1.6608205782312927e-05,0.0,0.0,903168,3612672,0
features.6.3.block.2.fc1,pointwise,NoisyConv2d,4x48x1x1,2.1251313786004515,2.0245946867062425,1.9069991906458914,0.8973559046037825,0.44931313264947625,0.21142840257969395,1.853311528576024,0.8720926843575008,0.05551332078900625,1.682042121887207,3.9293277859687805,5.764439582824707,3.6623338758945465,0.018229166666666668,0.0026041666666666665,0.0013020833333333333,768,3072,0
features.6.3.block.2.fc2,pointwise,NoisyConv2d,4x1152x1x1,2.1445272476909376,2.1431871597789973,1.010726265159913,0.47130493037483456,0.22590843880254202,0.10534183654965583,0.9851563126539385,0.459381578720755,0.04995716736442307,1.8738594584994845,3.6908201575279236,4.645178437232971,2.014406368136406,0.00634765625,0.0,0.0,18432,73728,0
features.6.3.block.3.0,pointwise,NoisyConv2d,4x192x7x7,0.31720755009315577,0.16399470529758498,0.3373723046339634,1.0635695920065136,0.1063497279598799,0.3352685896935546,0.3201715279297822,1.0093439700150768,0.09936968449374817,0.2329788370197322,0.6342510133981705,0.9931384921073914,0.6747375689446926,0.0,0.0,0.0,150528,602112,0
features.7.0.block.0.0,pointwise,NoisyConv2d,4x1152x7x7,7.617738520464629,4.726497596699305,7.806849200003851,1.0248250421081253,1.7311191962112735,0.22724844014542092,7.612497668972359,0.9993120200334796,0.04917024402046232,5.783366715826956,15.228665113449097,22.5145845413208,15.507728278636932,0.46261160714285715,0.25268277884070295,0.1635852908871882,903168,3612672,0
features.7.0.block.1.0,depthwise,NoisyConv2d,4x1152x7x7,0.3536588272423066,0.3424254553840691,0.17402546208318512,0.492071591822457,0.04212307327967992,0.1191065231091196,0.16885054974959607,0.4774390931119314,0.058588787182116284,0.17413754798387454,0.7105847299098969,1.7046446800231934,0.3253064528107643,3.321641156462585e-06,0.0,0.0,903168,3612672,0
features.7.0.block.2.fc1,pointwise,NoisyConv2d,4x48x1x1,2.139354300815345,1.7103791799243533,2.1422888468654224,1.0013716970811983,0.6763618244062919,0.31615231948654726,2.0327164548676664,0.9501541909598438,0.09967864375668666,1.6207482020060222,4.129619538784027,6.177916049957275,4.2253797352313995,0.029947916666666668,0.00390625,0.0013020833333333333,768,3072,0
features.7.0.block.2.fc2,pointwise,NoisyConv2d,4x1152x1x1,1.4736268352580852,0.8616078624852537,1.4520150529341271,0.9853342910112158,0.19849354482893997,0.134697292475796,1.4383838245087914,0.9760841687284274,0.018687471273414108,1.1109263764487372,2.9687711596488953,4.254092037677765,2.9356766790151596,0.005154079861111111,0.0003255208333333333,0.0,18432,73728,0
features.7.0.block.3.0,pointwise,NoisyConv2d,4x320x7x7,0.9052097435963368,0.9263153608847018,1.231121718954781,1.360040286424247,0.654420069517607,0.7229485477229184,1.0427823643957281,1.1519787229121339,0.2825603587227715,0.6776458584532445,1.8391991257667542,2.7531679272651672,2.4346063137054443,0.0001953125,0.0,0.0,250880,1003520,0
features.8.0,pointwise,NoisyConv2d,4x1280x7x7,3.0200471955875474,2.6951735478361307,4.032992310931213,1.335407048215549,1.9441606193482754,0.6437517341413735,3.533449655252728,1.1699981577821994,0.23238575124808253,2.2452494095782844,6.1921751499176025,9.303686380386353,7.936512768268585,0.09331951530612245,0.019886001275510205,0.007102997448979592,1003520,4014080,0
